﻿<?xml version="1.0" encoding="utf-8"?><meta xmlns:xsi="http://www.w3.org/2001/XMLSchema-instance" xmlns:xsd="http://www.w3.org/2001/XMLSchema"><project id="5x5X0CsePhT" courseid="6nLt9V6onwj_course_id" thumburl="story_content/thumbnail.jpg" title="PROTECH (PROTISTS ELECTRONIC CHARTA)" datepublished="2024-10-26T13:36:57" version="1.0.0.0" flashdata="story_content/data.swf" html5data="mobile/data.json" mobiledata="mobile/data.gz" enabledownload="false" duration="About 35 seconds" totalaudio="12920" totalvideo="0"><description>Game drag and drop siklus hidup protista</description><keywords /><slidemeta moniker="slide" monikerplural="slides" viewslides="7" slidecountdescription="7 slides" /><author name="PURI RAHAYU" email="" website="" /><application name="Articulate Storyline" version="3.7.20003.0" xmlversion="4.0" /></project></meta>